-- =====================================================================
-- Ilha Prospect — seed.sql (GERADO por scripts/generate-seed.mjs)
-- Não editar à mão. Rode: npm run db:generate-seed
-- Dados realistas para desenvolvimento. Datas relativas a now().
-- =====================================================================

insert into profiles (id, auth_user_id, display_name, email, role) values
  ('cf8de8b7-f0b5-57e2-8e5a-09d864dac367', NULL, 'Operador Ilha', 'operador@ilhasites.com', 'operator'),
  ('f23b330e-7696-5006-87fb-8f77b527074f', NULL, 'Ana Prospecção', 'ana@ilhasites.com', 'operator');

insert into search_profiles (id, name, status, weekdays, run_time, timezone, daily_limit, radius_meters, min_rating, provider, last_run_at, next_run_at, deleted_at) values
  ('9f3a6cc8-7824-5620-8889-7dbde48899ba', 'Grande Vitória — serviços profissionais', 'active', ARRAY[1,2,3,4,5]::smallint[], '07:00', 'America/Sao_Paulo', 50, 15000, 3.5, 'google_places', now() - interval '1 days', now() + interval '18 hours', NULL),
  ('72be80da-f2d2-5dbc-86c1-7f7546708cbb', 'Grande Vitória — saúde e bem-estar', 'paused', ARRAY[2,4]::smallint[], '08:30', 'America/Sao_Paulo', 30, 20000, 4, 'google_places', now() - interval '6 days', NULL, NULL);

insert into search_profile_locations (id, search_profile_id, city, state, country_code, latitude, longitude) values
  ('f654cd57-a8f9-5f0c-893b-47722ed72a0a', '9f3a6cc8-7824-5620-8889-7dbde48899ba', 'Vitória', 'ES', 'BR', -20.3155, -40.3128),
  ('df6dab72-dd11-5d44-813f-90876bba4c2e', '9f3a6cc8-7824-5620-8889-7dbde48899ba', 'Vila Velha', 'ES', 'BR', -20.3297, -40.2925),
  ('4eeaa5b3-3bbb-5e92-8b84-3d5c3f1bec9d', '9f3a6cc8-7824-5620-8889-7dbde48899ba', 'Serra', 'ES', 'BR', -20.1211, -40.3078),
  ('ef99d1b7-b9c6-5019-8bc8-a5e2f03993ef', '72be80da-f2d2-5dbc-86c1-7f7546708cbb', 'Vitória', 'ES', 'BR', -20.3155, -40.3128),
  ('498daa27-1354-55f1-8919-b61782316f43', '72be80da-f2d2-5dbc-86c1-7f7546708cbb', 'Cariacica', 'ES', 'BR', -20.2637, -40.4166);

insert into search_profile_categories (id, search_profile_id, label, provider_category, active) values
  ('bbc960da-51d1-591a-8752-b5379946d86b', '9f3a6cc8-7824-5620-8889-7dbde48899ba', 'Contabilidade', 'accounting', true),
  ('118559cd-4392-536a-8e9b-f21c3b4c9cd2', '9f3a6cc8-7824-5620-8889-7dbde48899ba', 'Advocacia', 'lawyer', true),
  ('0b6ebf40-9a8a-5eb5-84f6-23ccfa40cf2f', '9f3a6cc8-7824-5620-8889-7dbde48899ba', 'Estúdio de design', 'graphic_designer', true),
  ('d3eb3e52-3982-5094-8029-5025b51a2c2e', '72be80da-f2d2-5dbc-86c1-7f7546708cbb', 'Clínica médica', 'doctor', true),
  ('72d52481-896f-51dd-8d09-a22e8d86a01a', '72be80da-f2d2-5dbc-86c1-7f7546708cbb', 'Odontologia', 'dentist', true);

insert into search_runs (id, search_profile_id, idempotency_key, trigger_type, status, started_at, finished_at, results_seen, new_companies, duplicates, failed_items, estimated_cost, error_code, error_message) values
  ('bc3f8272-64a7-5579-8db7-ad9dda1d5dc6', '9f3a6cc8-7824-5620-8889-7dbde48899ba', 'run-servicos-2026-07-13', 'scheduled', 'completed', now() - interval '1 days', now() - interval '1 days', 58, 21, 34, 3, 0.42, NULL, NULL),
  ('ad76d348-5b3a-5f79-8443-ad8255835727', '72be80da-f2d2-5dbc-86c1-7f7546708cbb', 'run-saude-2026-07-08', 'scheduled', 'partial', now() - interval '6 days', now() - interval '6 days', 40, 12, 25, 3, 0.28, 'PROVIDER_TIMEOUT', 'Tempo limite ao paginar resultados do provedor.'),
  ('b96249fa-8e99-5f15-895c-d81d648fdd8a', '9f3a6cc8-7824-5620-8889-7dbde48899ba', 'run-servicos-manual-1', 'manual', 'failed', now() - interval '3 days', now() - interval '3 days', 0, 0, 0, 0, 0, 'PROVIDER_UNAVAILABLE', 'Provedor de locais indisponível.');

insert into companies (id, name, normalized_name, primary_category, phone_raw, phone_e164, whatsapp_status, website_url, normalized_domain, instagram_url, address_line, city, state, postal_code, country_code, latitude, longitude, rating, reviews_count, pipeline_stage, review_status, priority, score, next_action_at, owner_id, source_run_id, deleted_at, created_at) values
  ('0e0f0986-928f-50d7-8834-d1910255a423', 'Clínica Aurora', 'clinica aurora', 'Clínica médica', '(27) 9 9000-1000', '+552799930000', 'probable', NULL, NULL, 'https://instagram.com/clinicaaurora', 'Rua Exemplo, 100', 'Vitória', 'ES', '29100-000', 'BR', -20.3, -40.3, 4.7, 132, 'analyzed', 'pending_review', 'normal', 76, NULL, 'cf8de8b7-f0b5-57e2-8e5a-09d864dac367', 'bc3f8272-64a7-5579-8db7-ad9dda1d5dc6', NULL, now() - interval '30 days'),
  ('86b5a903-1ee7-5a3b-8e84-e0c66fedf19f', 'Odonto Sorriso', 'odonto sorriso', 'Odontologia', '(27) 9 9001-1001', '+552799930137', 'probable', NULL, NULL, NULL, 'Rua Exemplo, 101', 'Cariacica', 'ES', '29101-000', 'BR', -20.301000000000002, -40.300999999999995, 4.5, 88, 'analyzed', 'pending_review', 'high', 76, NULL, 'cf8de8b7-f0b5-57e2-8e5a-09d864dac367', 'bc3f8272-64a7-5579-8db7-ad9dda1d5dc6', NULL, now() - interval '29 days'),
  ('73c75011-fc69-532b-8a19-d61bde90a16f', 'Advocacia Norte', 'advocacia norte', 'Advocacia', '(27) 9 9002-1002', '+552799930275', 'unknown', NULL, NULL, 'https://instagram.com/advocacianorte', 'Rua Exemplo, 102', 'Serra', 'ES', '29102-000', 'BR', -20.302, -40.302, 4.2, 41, 'analyzed', 'pending_review', 'normal', 75, NULL, 'cf8de8b7-f0b5-57e2-8e5a-09d864dac367', 'bc3f8272-64a7-5579-8db7-ad9dda1d5dc6', NULL, now() - interval '28 days'),
  ('8107cfd5-339f-5335-8446-d1b3f4c8865d', 'Studio Vega Design', 'studio vega design', 'Estúdio de design', '(27) 9 9003-1003', '+552799930413', 'probable', 'https://studiovegadesign.com.br', 'studiovegadesign.com.br', NULL, 'Rua Exemplo, 103', 'Vitória', 'ES', '29103-000', 'BR', -20.303, -40.303, 4.9, 26, 'analyzed', 'pending_review', 'low', 52, NULL, 'cf8de8b7-f0b5-57e2-8e5a-09d864dac367', 'bc3f8272-64a7-5579-8db7-ad9dda1d5dc6', NULL, now() - interval '27 days'),
  ('b41c2ba6-8028-5b85-8160-19cf4177c20c', 'Contabilidade Maré', 'contabilidade mare', 'Contabilidade', '(27) 9 9004-1004', '+552799930551', 'probable', NULL, NULL, 'https://instagram.com/contabilidademare', 'Rua Exemplo, 104', 'Vila Velha', 'ES', '29104-000', 'BR', -20.304000000000002, -40.303999999999995, 4.1, 57, 'analyzed', 'pending_review', 'normal', 77, NULL, 'cf8de8b7-f0b5-57e2-8e5a-09d864dac367', 'bc3f8272-64a7-5579-8db7-ad9dda1d5dc6', NULL, now() - interval '26 days'),
  ('88c58641-a80c-510e-8c1d-7ec41aaf9dd7', 'Pet Amigo', 'pet amigo', 'Petshop', '(27) 9 9005-1005', '+552799930689', 'confirmed', NULL, NULL, NULL, 'Rua Exemplo, 105', 'Serra', 'ES', '29105-000', 'BR', -20.305, -40.305, 4.6, 210, 'analyzed', 'pending_review', 'high', 76, NULL, 'cf8de8b7-f0b5-57e2-8e5a-09d864dac367', 'bc3f8272-64a7-5579-8db7-ad9dda1d5dc6', NULL, now() - interval '25 days'),
  ('bc470b18-55fb-5a1d-8e73-804d4209befe', 'Restaurante Ilha Mar', 'restaurante ilha mar', 'Restaurante', '(27) 9 9006-1006', '+552799930827', 'unknown', 'https://restauranteilhamar.com.br', 'restauranteilhamar.com.br', 'https://instagram.com/restauranteilhamar', 'Rua Exemplo, 106', 'Vitória', 'ES', '29106-000', 'BR', -20.306, -40.306, 4.4, 480, 'new', 'pending_analysis', 'normal', NULL, NULL, 'cf8de8b7-f0b5-57e2-8e5a-09d864dac367', 'bc3f8272-64a7-5579-8db7-ad9dda1d5dc6', NULL, now() - interval '24 days'),
  ('e0085e1d-2a9e-5baa-8e66-1db21ca4a6ee', 'Academia Corpo Livre', 'academia corpo livre', 'Academia', '(27) 9 9007-1007', '+552799930965', 'unknown', NULL, NULL, NULL, 'Rua Exemplo, 107', 'Vila Velha', 'ES', '29107-000', 'BR', -20.307000000000002, -40.306999999999995, 4.3, 96, 'new', 'pending_analysis', 'high', NULL, NULL, 'cf8de8b7-f0b5-57e2-8e5a-09d864dac367', 'bc3f8272-64a7-5579-8db7-ad9dda1d5dc6', NULL, now() - interval '23 days'),
  ('4e9a11af-0f5d-50c2-8796-fffa8fd5dd0b', 'Imobiliária Litoral', 'imobiliaria litoral', 'Imobiliária', '(27) 9 9008-1008', '+552799931103', 'unknown', NULL, NULL, 'https://instagram.com/imobiliarialitoral', 'Rua Exemplo, 108', 'Guarapari', 'ES', '29108-000', 'BR', -20.308, -40.308, 3.9, 33, 'new', 'pending_analysis', 'normal', NULL, NULL, 'cf8de8b7-f0b5-57e2-8e5a-09d864dac367', 'bc3f8272-64a7-5579-8db7-ad9dda1d5dc6', NULL, now() - interval '22 days'),
  ('bf5f7b4a-3211-5059-84c6-be974ee221d1', 'Salão Beleza Real', 'salao beleza real', 'Salão de beleza', '(27) 9 9009-1009', '+552799931241', 'unknown', NULL, NULL, NULL, 'Rua Exemplo, 109', 'Cariacica', 'ES', '29109-000', 'BR', -20.309, -40.309, 4, 64, 'new', 'analysis_failed', 'low', 76, NULL, 'cf8de8b7-f0b5-57e2-8e5a-09d864dac367', 'bc3f8272-64a7-5579-8db7-ad9dda1d5dc6', NULL, now() - interval '21 days'),
  ('f0cbcab7-e3a7-5766-8960-81f0a0dd16dd', 'Lima & Lima Contabilidade', 'lima lima contabilidade', 'Contabilidade', '(27) 9 9010-1010', '+552799931379', 'probable', NULL, NULL, 'https://instagram.com/limalimacontabilidade', 'Rua Exemplo, 110', 'Vila Velha', 'ES', '29110-000', 'BR', -20.310000000000002, -40.309999999999995, 4.6, 73, 'approved', 'approved', 'normal', 76, now() + interval '2 hours', 'cf8de8b7-f0b5-57e2-8e5a-09d864dac367', 'bc3f8272-64a7-5579-8db7-ad9dda1d5dc6', NULL, now() - interval '20 days'),
  ('99fae9da-37ed-548c-840c-f35032750bd3', 'Clínica Vida Plena', 'clinica vida plena', 'Clínica médica', '(27) 9 9011-1011', '+552799931517', 'confirmed', NULL, NULL, NULL, 'Rua Exemplo, 111', 'Vitória', 'ES', '29111-000', 'BR', -20.311, -40.311, 4.8, 154, 'approved', 'approved', 'high', 78, now() + interval '2 hours', 'cf8de8b7-f0b5-57e2-8e5a-09d864dac367', 'bc3f8272-64a7-5579-8db7-ad9dda1d5dc6', NULL, now() - interval '19 days'),
  ('3bf17ff9-f1fe-5e08-8373-2cfb9c4ebf93', 'Escritório Fênix', 'escritorio fenix', 'Advocacia', '(27) 9 9012-1012', '+552799931655', 'probable', 'https://escritoriofenix.com.br', 'escritoriofenix.com.br', 'https://instagram.com/escritoriofenix', 'Rua Exemplo, 112', 'Serra', 'ES', '29112-000', 'BR', -20.312, -40.312, 4.3, 38, 'approved', 'approved', 'normal', 48, now() + interval '2 hours', 'cf8de8b7-f0b5-57e2-8e5a-09d864dac367', 'bc3f8272-64a7-5579-8db7-ad9dda1d5dc6', NULL, now() - interval '18 days'),
  ('80407af1-6f8a-5957-8d1a-a43c49e41e3d', 'Odonto Excellence', 'odonto excellence', 'Odontologia', '(27) 9 9013-1013', '+552799931792', 'confirmed', NULL, NULL, NULL, 'Rua Exemplo, 113', 'Vitória', 'ES', '29113-000', 'BR', -20.313000000000002, -40.312999999999995, 4.7, 119, 'first_contact', 'approved', 'high', 79, NULL, 'cf8de8b7-f0b5-57e2-8e5a-09d864dac367', 'bc3f8272-64a7-5579-8db7-ad9dda1d5dc6', NULL, now() - interval '17 days'),
  ('9b7169b4-39c1-54ac-801e-124a0f9767f5', 'Contabilidade Ápice', 'contabilidade apice', 'Contabilidade', '(27) 9 9014-1014', '+552799931930', 'probable', NULL, NULL, 'https://instagram.com/contabilidadeapice', 'Rua Exemplo, 114', 'Vila Velha', 'ES', '29114-000', 'BR', -20.314, -40.314, 4.5, 82, 'first_contact', 'approved', 'normal', 79, NULL, 'cf8de8b7-f0b5-57e2-8e5a-09d864dac367', 'bc3f8272-64a7-5579-8db7-ad9dda1d5dc6', NULL, now() - interval '16 days'),
  ('33e61481-858b-51ab-8185-e12c75a791db', 'Design Coral Studio', 'design coral studio', 'Estúdio de design', '(27) 9 9015-1015', '+552799932068', 'probable', NULL, NULL, NULL, 'Rua Exemplo, 115', 'Vitória', 'ES', '29115-000', 'BR', -20.315, -40.315, 4.9, 44, 'first_contact', 'approved', 'low', 77, NULL, 'cf8de8b7-f0b5-57e2-8e5a-09d864dac367', 'bc3f8272-64a7-5579-8db7-ad9dda1d5dc6', NULL, now() - interval '15 days'),
  ('3ce13c70-2380-59c1-8932-c8a75322443e', 'Clínica Bem Estar', 'clinica bem estar', 'Clínica médica', '(27) 9 9016-1016', '+552799932206', 'confirmed', NULL, NULL, 'https://instagram.com/clinicabemestar', 'Rua Exemplo, 116', 'Cariacica', 'ES', '29116-000', 'BR', -20.316, -40.315999999999995, 4.4, 91, 'follow_up', 'approved', 'normal', 75, NULL, 'cf8de8b7-f0b5-57e2-8e5a-09d864dac367', 'bc3f8272-64a7-5579-8db7-ad9dda1d5dc6', NULL, now() - interval '14 days'),
  ('6d9dd351-ea75-54b4-8b06-1fc9b68895d1', 'Advocacia Meridian', 'advocacia meridian', 'Advocacia', '(27) 9 9017-1017', '+552799932344', 'probable', NULL, NULL, NULL, 'Rua Exemplo, 117', 'Vitória', 'ES', '29117-000', 'BR', -20.317, -40.317, 4.2, 52, 'follow_up', 'approved', 'high', 75, NULL, 'cf8de8b7-f0b5-57e2-8e5a-09d864dac367', 'bc3f8272-64a7-5579-8db7-ad9dda1d5dc6', NULL, now() - interval '13 days'),
  ('59f65a1c-e9e6-5e28-803e-7f7b543ee742', 'Pet Vida Saudável', 'pet vida saudavel', 'Petshop', '(27) 9 9018-1018', '+552799932482', 'confirmed', NULL, NULL, 'https://instagram.com/petvidasaudavel', 'Rua Exemplo, 118', 'Vila Velha', 'ES', '29118-000', 'BR', -20.318, -40.318, 4.6, 176, 'negotiation', 'approved', 'normal', 79, NULL, 'cf8de8b7-f0b5-57e2-8e5a-09d864dac367', 'bc3f8272-64a7-5579-8db7-ad9dda1d5dc6', NULL, now() - interval '12 days'),
  ('cfdc6145-400e-55ea-8b91-8494e87a374f', 'Contabilidade Horizonte', 'contabilidade horizonte', 'Contabilidade', '(27) 9 9019-1019', '+552799932620', 'confirmed', 'https://contabilidadehorizonte.com.br', 'contabilidadehorizonte.com.br', NULL, 'Rua Exemplo, 119', 'Vitória', 'ES', '29119-000', 'BR', -20.319, -40.318999999999996, 4.7, 68, 'client', 'approved', 'high', 52, NULL, 'cf8de8b7-f0b5-57e2-8e5a-09d864dac367', 'bc3f8272-64a7-5579-8db7-ad9dda1d5dc6', NULL, now() - interval '11 days'),
  ('edb4a2bd-3d05-5907-8777-78063623291f', 'Clínica Sorriso Sul', 'clinica sorriso sul', 'Odontologia', '(27) 9 9020-1020', '+552799932758', 'confirmed', 'https://clinicasorrisosul.com.br', 'clinicasorrisosul.com.br', 'https://instagram.com/clinicasorrisosul', 'Rua Exemplo, 120', 'Guarapari', 'ES', '29120-000', 'BR', -20.32, -40.32, 4.8, 133, 'client', 'approved', 'normal', 49, NULL, 'cf8de8b7-f0b5-57e2-8e5a-09d864dac367', 'bc3f8272-64a7-5579-8db7-ad9dda1d5dc6', NULL, now() - interval '10 days'),
  ('6e98c8ff-c4e3-5211-805e-8904fedf43b7', 'Academia Movimento', 'academia movimento', 'Academia', '(27) 9 9021-1021', '+552799932896', 'unknown', 'https://academiamovimento.com.br', 'academiamovimento.com.br', NULL, 'Rua Exemplo, 121', 'Serra', 'ES', '29121-000', 'BR', -20.321, -40.321, 4.1, 210, 'lost', 'approved', 'low', 46, NULL, 'cf8de8b7-f0b5-57e2-8e5a-09d864dac367', 'bc3f8272-64a7-5579-8db7-ad9dda1d5dc6', NULL, now() - interval '9 days'),
  ('6445de7b-92de-58ac-88e6-73f339aa9a16', 'Bar do Porto', 'bar do porto', 'Restaurante', '(27) 9 9022-1022', '+552799933034', 'unknown', 'https://bardoporto.com.br', 'bardoporto.com.br', 'https://instagram.com/bardoporto', 'Rua Exemplo, 122', 'Vitória', 'ES', '29122-000', 'BR', -20.322, -40.321999999999996, 3.8, 620, 'analyzed', 'rejected', 'normal', 45, NULL, 'cf8de8b7-f0b5-57e2-8e5a-09d864dac367', 'bc3f8272-64a7-5579-8db7-ad9dda1d5dc6', NULL, now() - interval '8 days'),
  ('84d0b482-6f3f-5ea8-8631-dee7453b12a0', 'Imobiliária Enseada', 'imobiliaria enseada', 'Imobiliária', '(27) 9 9023-1023', '+552799933172', 'unknown', NULL, NULL, NULL, 'Rua Exemplo, 123', 'Guarapari', 'ES', '29123-000', 'BR', -20.323, -40.323, 4, 29, 'analyzed', 'snoozed', 'high', 75, NULL, 'cf8de8b7-f0b5-57e2-8e5a-09d864dac367', 'bc3f8272-64a7-5579-8db7-ad9dda1d5dc6', NULL, now() - interval '7 days');

insert into company_sources (id, company_id, provider, external_id, source_url, raw_payload, collected_at, last_seen_at) values
  ('a4edeae3-c4b9-5cd2-8785-c50012190486', '0e0f0986-928f-50d7-8834-d1910255a423', 'google_places', 'ChIJ_clinicaaurora_0', 'https://maps.google.com/?cid=1000', '{"name":"Clínica Aurora","rating":4.7,"user_ratings_total":132,"formatted_phone_number":"(27) 99000-1000"}'::jsonb, now() - interval '30 days', now() - interval '1 days'),
  ('629dd567-c957-550f-850e-c260f8488889', '86b5a903-1ee7-5a3b-8e84-e0c66fedf19f', 'google_places', 'ChIJ_odontosorriso_1', 'https://maps.google.com/?cid=1001', '{"name":"Odonto Sorriso","rating":4.5,"user_ratings_total":88,"formatted_phone_number":"(27) 99001-1001"}'::jsonb, now() - interval '29 days', now() - interval '1 days'),
  ('1d99c050-8d76-5992-8623-5b2c748c2bb7', '73c75011-fc69-532b-8a19-d61bde90a16f', 'google_places', 'ChIJ_advocacianorte_2', 'https://maps.google.com/?cid=1002', '{"name":"Advocacia Norte","rating":4.2,"user_ratings_total":41,"formatted_phone_number":"(27) 99002-1002"}'::jsonb, now() - interval '28 days', now() - interval '1 days'),
  ('3bce8994-37d4-5f52-80ae-acbb2e81bfd7', '8107cfd5-339f-5335-8446-d1b3f4c8865d', 'google_places', 'ChIJ_studiovegadesign_3', 'https://maps.google.com/?cid=1003', '{"name":"Studio Vega Design","rating":4.9,"user_ratings_total":26,"formatted_phone_number":"(27) 99003-1003","website":"https://studiovegadesign.com.br"}'::jsonb, now() - interval '27 days', now() - interval '1 days'),
  ('c8bcf61e-cf14-54ed-867f-0ec5ac7aaaae', 'b41c2ba6-8028-5b85-8160-19cf4177c20c', 'google_places', 'ChIJ_contabilidademare_4', 'https://maps.google.com/?cid=1004', '{"name":"Contabilidade Maré","rating":4.1,"user_ratings_total":57,"formatted_phone_number":"(27) 99004-1004"}'::jsonb, now() - interval '26 days', now() - interval '1 days'),
  ('860a9149-77fb-5bc5-8c6a-d55395b612db', '88c58641-a80c-510e-8c1d-7ec41aaf9dd7', 'google_places', 'ChIJ_petamigo_5', 'https://maps.google.com/?cid=1005', '{"name":"Pet Amigo","rating":4.6,"user_ratings_total":210,"formatted_phone_number":"(27) 99005-1005"}'::jsonb, now() - interval '25 days', now() - interval '1 days'),
  ('a8ccc77e-8111-533a-8d9f-5cc9aa52444a', 'bc470b18-55fb-5a1d-8e73-804d4209befe', 'google_places', 'ChIJ_restauranteilhamar_6', 'https://maps.google.com/?cid=1006', '{"name":"Restaurante Ilha Mar","rating":4.4,"user_ratings_total":480,"formatted_phone_number":"(27) 99006-1006","website":"https://restauranteilhamar.com.br"}'::jsonb, now() - interval '24 days', now() - interval '1 days'),
  ('4701f0de-667f-56a1-8c10-9b8cbbbb9441', 'e0085e1d-2a9e-5baa-8e66-1db21ca4a6ee', 'google_places', 'ChIJ_academiacorpolivre_7', 'https://maps.google.com/?cid=1007', '{"name":"Academia Corpo Livre","rating":4.3,"user_ratings_total":96,"formatted_phone_number":"(27) 99007-1007"}'::jsonb, now() - interval '23 days', now() - interval '1 days'),
  ('698b9233-0383-5202-8081-8b0ed22f3533', '4e9a11af-0f5d-50c2-8796-fffa8fd5dd0b', 'google_places', 'ChIJ_imobiliarialitoral_8', 'https://maps.google.com/?cid=1008', '{"name":"Imobiliária Litoral","rating":3.9,"user_ratings_total":33,"formatted_phone_number":"(27) 99008-1008"}'::jsonb, now() - interval '22 days', now() - interval '1 days'),
  ('5a6f0cd8-d237-57a5-8fc4-8ac73f86f90e', 'bf5f7b4a-3211-5059-84c6-be974ee221d1', 'google_places', 'ChIJ_salaobelezareal_9', 'https://maps.google.com/?cid=1009', '{"name":"Salão Beleza Real","rating":4,"user_ratings_total":64,"formatted_phone_number":"(27) 99009-1009"}'::jsonb, now() - interval '21 days', now() - interval '1 days'),
  ('88f872c7-bfdd-5470-86fe-eb9455c79d10', 'f0cbcab7-e3a7-5766-8960-81f0a0dd16dd', 'google_places', 'ChIJ_limalimacontabilidade_10', 'https://maps.google.com/?cid=1010', '{"name":"Lima & Lima Contabilidade","rating":4.6,"user_ratings_total":73,"formatted_phone_number":"(27) 99010-1010"}'::jsonb, now() - interval '20 days', now() - interval '1 days'),
  ('602e6f6b-fbb5-5312-822d-0e4c13c41cad', '99fae9da-37ed-548c-840c-f35032750bd3', 'google_places', 'ChIJ_clinicavidaplena_11', 'https://maps.google.com/?cid=1011', '{"name":"Clínica Vida Plena","rating":4.8,"user_ratings_total":154,"formatted_phone_number":"(27) 99011-1011"}'::jsonb, now() - interval '19 days', now() - interval '1 days'),
  ('54cd9ee8-4068-597c-897c-9c441cf50bfa', '3bf17ff9-f1fe-5e08-8373-2cfb9c4ebf93', 'google_places', 'ChIJ_escritoriofenix_12', 'https://maps.google.com/?cid=1012', '{"name":"Escritório Fênix","rating":4.3,"user_ratings_total":38,"formatted_phone_number":"(27) 99012-1012","website":"https://escritoriofenix.com.br"}'::jsonb, now() - interval '18 days', now() - interval '1 days'),
  ('83c5421c-6987-5fd3-8d15-6f71ae2119bb', '80407af1-6f8a-5957-8d1a-a43c49e41e3d', 'google_places', 'ChIJ_odontoexcellence_13', 'https://maps.google.com/?cid=1013', '{"name":"Odonto Excellence","rating":4.7,"user_ratings_total":119,"formatted_phone_number":"(27) 99013-1013"}'::jsonb, now() - interval '17 days', now() - interval '1 days'),
  ('ead3490a-b784-5740-8c12-df1fb5d9a905', '9b7169b4-39c1-54ac-801e-124a0f9767f5', 'google_places', 'ChIJ_contabilidadeapice_14', 'https://maps.google.com/?cid=1014', '{"name":"Contabilidade Ápice","rating":4.5,"user_ratings_total":82,"formatted_phone_number":"(27) 99014-1014"}'::jsonb, now() - interval '16 days', now() - interval '1 days'),
  ('49095718-bd57-5789-8ab1-71ebee31ebcd', '33e61481-858b-51ab-8185-e12c75a791db', 'google_places', 'ChIJ_designcoralstudio_15', 'https://maps.google.com/?cid=1015', '{"name":"Design Coral Studio","rating":4.9,"user_ratings_total":44,"formatted_phone_number":"(27) 99015-1015"}'::jsonb, now() - interval '15 days', now() - interval '1 days'),
  ('54a9059c-1ae7-5636-8364-3762a0827b3f', '3ce13c70-2380-59c1-8932-c8a75322443e', 'google_places', 'ChIJ_clinicabemestar_16', 'https://maps.google.com/?cid=1016', '{"name":"Clínica Bem Estar","rating":4.4,"user_ratings_total":91,"formatted_phone_number":"(27) 99016-1016"}'::jsonb, now() - interval '14 days', now() - interval '1 days'),
  ('db9d70de-3d6c-53d9-8673-66870fe846a2', '6d9dd351-ea75-54b4-8b06-1fc9b68895d1', 'google_places', 'ChIJ_advocaciameridian_17', 'https://maps.google.com/?cid=1017', '{"name":"Advocacia Meridian","rating":4.2,"user_ratings_total":52,"formatted_phone_number":"(27) 99017-1017"}'::jsonb, now() - interval '13 days', now() - interval '1 days'),
  ('53f6d10b-b8e8-5ff1-88b7-f2b788d60b26', '59f65a1c-e9e6-5e28-803e-7f7b543ee742', 'google_places', 'ChIJ_petvidasaudavel_18', 'https://maps.google.com/?cid=1018', '{"name":"Pet Vida Saudável","rating":4.6,"user_ratings_total":176,"formatted_phone_number":"(27) 99018-1018"}'::jsonb, now() - interval '12 days', now() - interval '1 days'),
  ('46d652ad-74e6-546c-8267-1cfb5081023a', 'cfdc6145-400e-55ea-8b91-8494e87a374f', 'google_places', 'ChIJ_contabilidadehorizonte_19', 'https://maps.google.com/?cid=1019', '{"name":"Contabilidade Horizonte","rating":4.7,"user_ratings_total":68,"formatted_phone_number":"(27) 99019-1019","website":"https://contabilidadehorizonte.com.br"}'::jsonb, now() - interval '11 days', now() - interval '1 days'),
  ('bf90c266-cbc9-56a1-81ea-da0c01051a30', 'edb4a2bd-3d05-5907-8777-78063623291f', 'google_places', 'ChIJ_clinicasorrisosul_20', 'https://maps.google.com/?cid=1020', '{"name":"Clínica Sorriso Sul","rating":4.8,"user_ratings_total":133,"formatted_phone_number":"(27) 99020-1020","website":"https://clinicasorrisosul.com.br"}'::jsonb, now() - interval '10 days', now() - interval '1 days'),
  ('3a9201e8-93de-5cd8-806a-1bb36ae092e0', '6e98c8ff-c4e3-5211-805e-8904fedf43b7', 'google_places', 'ChIJ_academiamovimento_21', 'https://maps.google.com/?cid=1021', '{"name":"Academia Movimento","rating":4.1,"user_ratings_total":210,"formatted_phone_number":"(27) 99021-1021","website":"https://academiamovimento.com.br"}'::jsonb, now() - interval '9 days', now() - interval '1 days'),
  ('3c917167-dc7e-5d3f-8084-449dbc4285b5', '6445de7b-92de-58ac-88e6-73f339aa9a16', 'google_places', 'ChIJ_bardoporto_22', 'https://maps.google.com/?cid=1022', '{"name":"Bar do Porto","rating":3.8,"user_ratings_total":620,"formatted_phone_number":"(27) 99022-1022","website":"https://bardoporto.com.br"}'::jsonb, now() - interval '8 days', now() - interval '1 days'),
  ('d4d0bd2d-c93f-55bf-8557-16150b0413f4', '84d0b482-6f3f-5ea8-8631-dee7453b12a0', 'google_places', 'ChIJ_imobiliariaenseada_23', 'https://maps.google.com/?cid=1023', '{"name":"Imobiliária Enseada","rating":4,"user_ratings_total":29,"formatted_phone_number":"(27) 99023-1023"}'::jsonb, now() - interval '7 days', now() - interval '1 days');

insert into ai_analyses (id, company_id, status, analysis_version, prompt_version, provider, model, input_snapshot, output, score, potential, confidence, tokens_input, tokens_output, cost_estimate, latency_ms, error_message, started_at, completed_at) values
  ('87b18935-91b5-5c7e-8220-d711fc4d9802', '0e0f0986-928f-50d7-8834-d1910255a423', 'completed', '1.0', 'p1', 'anthropic', 'claude-sonnet-5', '{"name":"Clínica Aurora","city":"Vitória","category":"Clínica médica","rating":4.7,"hasSite":false}'::jsonb, '{"version":"1.0","recommendation":"prioritize","score":76,"potential":"high","confidence":"medium","executive_summary":"Clínica Aurora é clínica médica em Vitória com boa reputação pública e ausência de site institucional localizado.","score_breakdown":[{"dimension":"Lacuna de presença digital","points":27,"max_points":30,"explanation":"Site não localizado nas fontes consultadas.","evidence_refs":["source:google_places"]},{"dimension":"Confiança e reputação pública","points":12,"max_points":15,"explanation":"Boa nota e volume consistente de avaliações.","evidence_refs":["field:rating","field:reviews_count"]}],"positives":[{"text":"Reputação pública sólida.","evidence_refs":["field:rating"]}],"risks":[{"text":"Confirmação de WhatsApp ainda não verificada.","evidence_refs":["field:whatsapp_status"]}],"opportunities":[{"text":"Criar presença digital do zero.","evidence_refs":["field:website_url"]}],"sales_arguments":[{"text":"Site institucional premium para atrair clientes locais.","evidence_refs":["source:google_places"]}],"missing_data":["website_url"],"cautions":["Score é recomendação, não decisão."]}'::jsonb, 76, 'high', 'medium', 1200, 400, 0.012, 2200, NULL, now() - interval '29 days', now() - interval '29 days'),
  ('44ea3bae-b17f-5272-8d8b-94cf8af45e3e', '86b5a903-1ee7-5a3b-8e84-e0c66fedf19f', 'completed', '1.0', 'p1', 'anthropic', 'claude-sonnet-5', '{"name":"Odonto Sorriso","city":"Cariacica","category":"Odontologia","rating":4.5,"hasSite":false}'::jsonb, '{"version":"1.0","recommendation":"prioritize","score":76,"potential":"high","confidence":"medium","executive_summary":"Odonto Sorriso é odontologia em Cariacica com boa reputação pública e ausência de site institucional localizado.","score_breakdown":[{"dimension":"Lacuna de presença digital","points":27,"max_points":30,"explanation":"Site não localizado nas fontes consultadas.","evidence_refs":["source:google_places"]},{"dimension":"Confiança e reputação pública","points":12,"max_points":15,"explanation":"Boa nota e volume consistente de avaliações.","evidence_refs":["field:rating","field:reviews_count"]}],"positives":[{"text":"Reputação pública sólida.","evidence_refs":["field:rating"]}],"risks":[{"text":"Confirmação de WhatsApp ainda não verificada.","evidence_refs":["field:whatsapp_status"]}],"opportunities":[{"text":"Criar presença digital do zero.","evidence_refs":["field:website_url"]}],"sales_arguments":[{"text":"Site institucional premium para atrair clientes locais.","evidence_refs":["source:google_places"]}],"missing_data":["website_url"],"cautions":["Score é recomendação, não decisão."]}'::jsonb, 76, 'high', 'medium', 1205, 403, 0.012, 2210, NULL, now() - interval '28 days', now() - interval '28 days'),
  ('a54d10e5-3711-5f56-8b11-817ca898671a', '73c75011-fc69-532b-8a19-d61bde90a16f', 'completed', '1.0', 'p1', 'anthropic', 'claude-sonnet-5', '{"name":"Advocacia Norte","city":"Serra","category":"Advocacia","rating":4.2,"hasSite":false}'::jsonb, '{"version":"1.0","recommendation":"prioritize","score":75,"potential":"high","confidence":"medium","executive_summary":"Advocacia Norte é advocacia em Serra com boa reputação pública e ausência de site institucional localizado.","score_breakdown":[{"dimension":"Lacuna de presença digital","points":27,"max_points":30,"explanation":"Site não localizado nas fontes consultadas.","evidence_refs":["source:google_places"]},{"dimension":"Confiança e reputação pública","points":12,"max_points":15,"explanation":"Boa nota e volume consistente de avaliações.","evidence_refs":["field:rating","field:reviews_count"]}],"positives":[{"text":"Reputação pública sólida.","evidence_refs":["field:rating"]}],"risks":[{"text":"Confirmação de WhatsApp ainda não verificada.","evidence_refs":["field:whatsapp_status"]}],"opportunities":[{"text":"Criar presença digital do zero.","evidence_refs":["field:website_url"]}],"sales_arguments":[{"text":"Site institucional premium para atrair clientes locais.","evidence_refs":["source:google_places"]}],"missing_data":["website_url"],"cautions":["Score é recomendação, não decisão."]}'::jsonb, 75, 'high', 'medium', 1210, 406, 0.012, 2220, NULL, now() - interval '27 days', now() - interval '27 days'),
  ('6f2d1f6b-7a50-554a-8aea-11227763fe71', '8107cfd5-339f-5335-8446-d1b3f4c8865d', 'completed', '1.0', 'p1', 'anthropic', 'claude-sonnet-5', '{"name":"Studio Vega Design","city":"Vitória","category":"Estúdio de design","rating":4.9,"hasSite":true}'::jsonb, '{"version":"1.0","recommendation":"review","score":52,"potential":"medium","confidence":"medium","executive_summary":"Studio Vega Design é estúdio de design em Vitória com boa reputação pública e site existente, porém com oportunidades de melhoria.","score_breakdown":[{"dimension":"Lacuna de presença digital","points":12,"max_points":30,"explanation":"Site encontrado, mas sem otimização evidente.","evidence_refs":["source:google_places"]},{"dimension":"Confiança e reputação pública","points":12,"max_points":15,"explanation":"Boa nota e volume consistente de avaliações.","evidence_refs":["field:rating","field:reviews_count"]}],"positives":[{"text":"Reputação pública sólida.","evidence_refs":["field:rating"]}],"risks":[{"text":"Confirmação de WhatsApp ainda não verificada.","evidence_refs":["field:whatsapp_status"]}],"opportunities":[{"text":"Modernizar o site para captar mais contatos.","evidence_refs":["field:website_url"]}],"sales_arguments":[{"text":"Site institucional premium para atrair clientes locais.","evidence_refs":["source:google_places"]}],"missing_data":[],"cautions":["Score é recomendação, não decisão."]}'::jsonb, 52, 'medium', 'medium', 1215, 409, 0.012, 2230, NULL, now() - interval '26 days', now() - interval '26 days'),
  ('4bd0091c-68a6-5b3d-8046-5a61ce66049d', 'b41c2ba6-8028-5b85-8160-19cf4177c20c', 'completed', '1.0', 'p1', 'anthropic', 'claude-sonnet-5', '{"name":"Contabilidade Maré","city":"Vila Velha","category":"Contabilidade","rating":4.1,"hasSite":false}'::jsonb, '{"version":"1.0","recommendation":"prioritize","score":77,"potential":"high","confidence":"medium","executive_summary":"Contabilidade Maré é contabilidade em Vila Velha com boa reputação pública e ausência de site institucional localizado.","score_breakdown":[{"dimension":"Lacuna de presença digital","points":27,"max_points":30,"explanation":"Site não localizado nas fontes consultadas.","evidence_refs":["source:google_places"]},{"dimension":"Confiança e reputação pública","points":12,"max_points":15,"explanation":"Boa nota e volume consistente de avaliações.","evidence_refs":["field:rating","field:reviews_count"]}],"positives":[{"text":"Reputação pública sólida.","evidence_refs":["field:rating"]}],"risks":[{"text":"Confirmação de WhatsApp ainda não verificada.","evidence_refs":["field:whatsapp_status"]}],"opportunities":[{"text":"Criar presença digital do zero.","evidence_refs":["field:website_url"]}],"sales_arguments":[{"text":"Site institucional premium para atrair clientes locais.","evidence_refs":["source:google_places"]}],"missing_data":["website_url"],"cautions":["Score é recomendação, não decisão."]}'::jsonb, 77, 'high', 'medium', 1220, 412, 0.012, 2240, NULL, now() - interval '25 days', now() - interval '25 days'),
  ('de0ba6de-145e-5f1a-8c14-6b052fc07e5d', '88c58641-a80c-510e-8c1d-7ec41aaf9dd7', 'completed', '1.0', 'p1', 'anthropic', 'claude-sonnet-5', '{"name":"Pet Amigo","city":"Serra","category":"Petshop","rating":4.6,"hasSite":false}'::jsonb, '{"version":"1.0","recommendation":"prioritize","score":76,"potential":"high","confidence":"medium","executive_summary":"Pet Amigo é petshop em Serra com boa reputação pública e ausência de site institucional localizado.","score_breakdown":[{"dimension":"Lacuna de presença digital","points":27,"max_points":30,"explanation":"Site não localizado nas fontes consultadas.","evidence_refs":["source:google_places"]},{"dimension":"Confiança e reputação pública","points":12,"max_points":15,"explanation":"Boa nota e volume consistente de avaliações.","evidence_refs":["field:rating","field:reviews_count"]}],"positives":[{"text":"Reputação pública sólida.","evidence_refs":["field:rating"]}],"risks":[{"text":"Confirmação de WhatsApp ainda não verificada.","evidence_refs":["field:whatsapp_status"]}],"opportunities":[{"text":"Criar presença digital do zero.","evidence_refs":["field:website_url"]}],"sales_arguments":[{"text":"Site institucional premium para atrair clientes locais.","evidence_refs":["source:google_places"]}],"missing_data":["website_url"],"cautions":["Score é recomendação, não decisão."]}'::jsonb, 76, 'high', 'medium', 1225, 415, 0.012, 2250, NULL, now() - interval '24 days', now() - interval '24 days'),
  ('0a47f1e5-7762-5243-8cc2-de5a960ec335', 'bf5f7b4a-3211-5059-84c6-be974ee221d1', 'failed', '1.0', 'p1', 'anthropic', 'claude-sonnet-5', '{"name":"Salão Beleza Real","city":"Cariacica","category":"Salão de beleza","rating":4,"hasSite":false}'::jsonb, NULL, NULL, NULL, NULL, NULL, NULL, 0, NULL, 'Saída inválida após 2 tentativas.', now() - interval '20 days', now() - interval '20 days'),
  ('b1932de3-6040-5839-8423-7c85821505d9', 'f0cbcab7-e3a7-5766-8960-81f0a0dd16dd', 'completed', '1.0', 'p1', 'anthropic', 'claude-sonnet-5', '{"name":"Lima & Lima Contabilidade","city":"Vila Velha","category":"Contabilidade","rating":4.6,"hasSite":false}'::jsonb, '{"version":"1.0","recommendation":"prioritize","score":76,"potential":"high","confidence":"medium","executive_summary":"Lima & Lima Contabilidade é contabilidade em Vila Velha com boa reputação pública e ausência de site institucional localizado.","score_breakdown":[{"dimension":"Lacuna de presença digital","points":27,"max_points":30,"explanation":"Site não localizado nas fontes consultadas.","evidence_refs":["source:google_places"]},{"dimension":"Confiança e reputação pública","points":12,"max_points":15,"explanation":"Boa nota e volume consistente de avaliações.","evidence_refs":["field:rating","field:reviews_count"]}],"positives":[{"text":"Reputação pública sólida.","evidence_refs":["field:rating"]}],"risks":[{"text":"Confirmação de WhatsApp ainda não verificada.","evidence_refs":["field:whatsapp_status"]}],"opportunities":[{"text":"Criar presença digital do zero.","evidence_refs":["field:website_url"]}],"sales_arguments":[{"text":"Site institucional premium para atrair clientes locais.","evidence_refs":["source:google_places"]}],"missing_data":["website_url"],"cautions":["Score é recomendação, não decisão."]}'::jsonb, 76, 'high', 'medium', 1250, 430, 0.012, 2300, NULL, now() - interval '19 days', now() - interval '19 days'),
  ('9223b488-dc73-52c9-8f71-943cad69066c', '99fae9da-37ed-548c-840c-f35032750bd3', 'completed', '1.0', 'p1', 'anthropic', 'claude-sonnet-5', '{"name":"Clínica Vida Plena","city":"Vitória","category":"Clínica médica","rating":4.8,"hasSite":false}'::jsonb, '{"version":"1.0","recommendation":"prioritize","score":78,"potential":"high","confidence":"medium","executive_summary":"Clínica Vida Plena é clínica médica em Vitória com boa reputação pública e ausência de site institucional localizado.","score_breakdown":[{"dimension":"Lacuna de presença digital","points":27,"max_points":30,"explanation":"Site não localizado nas fontes consultadas.","evidence_refs":["source:google_places"]},{"dimension":"Confiança e reputação pública","points":12,"max_points":15,"explanation":"Boa nota e volume consistente de avaliações.","evidence_refs":["field:rating","field:reviews_count"]}],"positives":[{"text":"Reputação pública sólida.","evidence_refs":["field:rating"]}],"risks":[{"text":"Confirmação de WhatsApp ainda não verificada.","evidence_refs":["field:whatsapp_status"]}],"opportunities":[{"text":"Criar presença digital do zero.","evidence_refs":["field:website_url"]}],"sales_arguments":[{"text":"Site institucional premium para atrair clientes locais.","evidence_refs":["source:google_places"]}],"missing_data":["website_url"],"cautions":["Score é recomendação, não decisão."]}'::jsonb, 78, 'high', 'medium', 1255, 433, 0.012, 2310, NULL, now() - interval '18 days', now() - interval '18 days'),
  ('1e7bde8f-44fe-5d76-80f0-ac9745b15d4b', '3bf17ff9-f1fe-5e08-8373-2cfb9c4ebf93', 'completed', '1.0', 'p1', 'anthropic', 'claude-sonnet-5', '{"name":"Escritório Fênix","city":"Serra","category":"Advocacia","rating":4.3,"hasSite":true}'::jsonb, '{"version":"1.0","recommendation":"review","score":48,"potential":"medium","confidence":"medium","executive_summary":"Escritório Fênix é advocacia em Serra com boa reputação pública e site existente, porém com oportunidades de melhoria.","score_breakdown":[{"dimension":"Lacuna de presença digital","points":12,"max_points":30,"explanation":"Site encontrado, mas sem otimização evidente.","evidence_refs":["source:google_places"]},{"dimension":"Confiança e reputação pública","points":12,"max_points":15,"explanation":"Boa nota e volume consistente de avaliações.","evidence_refs":["field:rating","field:reviews_count"]}],"positives":[{"text":"Reputação pública sólida.","evidence_refs":["field:rating"]}],"risks":[{"text":"Confirmação de WhatsApp ainda não verificada.","evidence_refs":["field:whatsapp_status"]}],"opportunities":[{"text":"Modernizar o site para captar mais contatos.","evidence_refs":["field:website_url"]}],"sales_arguments":[{"text":"Site institucional premium para atrair clientes locais.","evidence_refs":["source:google_places"]}],"missing_data":[],"cautions":["Score é recomendação, não decisão."]}'::jsonb, 48, 'medium', 'medium', 1260, 436, 0.012, 2320, NULL, now() - interval '17 days', now() - interval '17 days'),
  ('6f9f2076-01a4-54b0-814c-6c85cacb3724', '80407af1-6f8a-5957-8d1a-a43c49e41e3d', 'completed', '1.0', 'p1', 'anthropic', 'claude-sonnet-5', '{"name":"Odonto Excellence","city":"Vitória","category":"Odontologia","rating":4.7,"hasSite":false}'::jsonb, '{"version":"1.0","recommendation":"prioritize","score":79,"potential":"high","confidence":"medium","executive_summary":"Odonto Excellence é odontologia em Vitória com boa reputação pública e ausência de site institucional localizado.","score_breakdown":[{"dimension":"Lacuna de presença digital","points":27,"max_points":30,"explanation":"Site não localizado nas fontes consultadas.","evidence_refs":["source:google_places"]},{"dimension":"Confiança e reputação pública","points":12,"max_points":15,"explanation":"Boa nota e volume consistente de avaliações.","evidence_refs":["field:rating","field:reviews_count"]}],"positives":[{"text":"Reputação pública sólida.","evidence_refs":["field:rating"]}],"risks":[{"text":"Confirmação de WhatsApp ainda não verificada.","evidence_refs":["field:whatsapp_status"]}],"opportunities":[{"text":"Criar presença digital do zero.","evidence_refs":["field:website_url"]}],"sales_arguments":[{"text":"Site institucional premium para atrair clientes locais.","evidence_refs":["source:google_places"]}],"missing_data":["website_url"],"cautions":["Score é recomendação, não decisão."]}'::jsonb, 79, 'high', 'medium', 1265, 439, 0.012, 2330, NULL, now() - interval '16 days', now() - interval '16 days'),
  ('238e0958-3b87-572d-8ce5-8ece95760461', '9b7169b4-39c1-54ac-801e-124a0f9767f5', 'completed', '1.0', 'p1', 'anthropic', 'claude-sonnet-5', '{"name":"Contabilidade Ápice","city":"Vila Velha","category":"Contabilidade","rating":4.5,"hasSite":false}'::jsonb, '{"version":"1.0","recommendation":"prioritize","score":79,"potential":"high","confidence":"medium","executive_summary":"Contabilidade Ápice é contabilidade em Vila Velha com boa reputação pública e ausência de site institucional localizado.","score_breakdown":[{"dimension":"Lacuna de presença digital","points":27,"max_points":30,"explanation":"Site não localizado nas fontes consultadas.","evidence_refs":["source:google_places"]},{"dimension":"Confiança e reputação pública","points":12,"max_points":15,"explanation":"Boa nota e volume consistente de avaliações.","evidence_refs":["field:rating","field:reviews_count"]}],"positives":[{"text":"Reputação pública sólida.","evidence_refs":["field:rating"]}],"risks":[{"text":"Confirmação de WhatsApp ainda não verificada.","evidence_refs":["field:whatsapp_status"]}],"opportunities":[{"text":"Criar presença digital do zero.","evidence_refs":["field:website_url"]}],"sales_arguments":[{"text":"Site institucional premium para atrair clientes locais.","evidence_refs":["source:google_places"]}],"missing_data":["website_url"],"cautions":["Score é recomendação, não decisão."]}'::jsonb, 79, 'high', 'medium', 1270, 442, 0.012, 2340, NULL, now() - interval '15 days', now() - interval '15 days'),
  ('04875fb5-5e53-5810-89cf-e2b4f7af09c8', '33e61481-858b-51ab-8185-e12c75a791db', 'completed', '1.0', 'p1', 'anthropic', 'claude-sonnet-5', '{"name":"Design Coral Studio","city":"Vitória","category":"Estúdio de design","rating":4.9,"hasSite":false}'::jsonb, '{"version":"1.0","recommendation":"prioritize","score":77,"potential":"high","confidence":"medium","executive_summary":"Design Coral Studio é estúdio de design em Vitória com boa reputação pública e ausência de site institucional localizado.","score_breakdown":[{"dimension":"Lacuna de presença digital","points":27,"max_points":30,"explanation":"Site não localizado nas fontes consultadas.","evidence_refs":["source:google_places"]},{"dimension":"Confiança e reputação pública","points":12,"max_points":15,"explanation":"Boa nota e volume consistente de avaliações.","evidence_refs":["field:rating","field:reviews_count"]}],"positives":[{"text":"Reputação pública sólida.","evidence_refs":["field:rating"]}],"risks":[{"text":"Confirmação de WhatsApp ainda não verificada.","evidence_refs":["field:whatsapp_status"]}],"opportunities":[{"text":"Criar presença digital do zero.","evidence_refs":["field:website_url"]}],"sales_arguments":[{"text":"Site institucional premium para atrair clientes locais.","evidence_refs":["source:google_places"]}],"missing_data":["website_url"],"cautions":["Score é recomendação, não decisão."]}'::jsonb, 77, 'high', 'medium', 1275, 445, 0.012, 2350, NULL, now() - interval '14 days', now() - interval '14 days'),
  ('b02cce46-1c25-550e-83a6-07cf6f113495', '3ce13c70-2380-59c1-8932-c8a75322443e', 'completed', '1.0', 'p1', 'anthropic', 'claude-sonnet-5', '{"name":"Clínica Bem Estar","city":"Cariacica","category":"Clínica médica","rating":4.4,"hasSite":false}'::jsonb, '{"version":"1.0","recommendation":"prioritize","score":75,"potential":"high","confidence":"medium","executive_summary":"Clínica Bem Estar é clínica médica em Cariacica com boa reputação pública e ausência de site institucional localizado.","score_breakdown":[{"dimension":"Lacuna de presença digital","points":27,"max_points":30,"explanation":"Site não localizado nas fontes consultadas.","evidence_refs":["source:google_places"]},{"dimension":"Confiança e reputação pública","points":12,"max_points":15,"explanation":"Boa nota e volume consistente de avaliações.","evidence_refs":["field:rating","field:reviews_count"]}],"positives":[{"text":"Reputação pública sólida.","evidence_refs":["field:rating"]}],"risks":[{"text":"Confirmação de WhatsApp ainda não verificada.","evidence_refs":["field:whatsapp_status"]}],"opportunities":[{"text":"Criar presença digital do zero.","evidence_refs":["field:website_url"]}],"sales_arguments":[{"text":"Site institucional premium para atrair clientes locais.","evidence_refs":["source:google_places"]}],"missing_data":["website_url"],"cautions":["Score é recomendação, não decisão."]}'::jsonb, 75, 'high', 'medium', 1280, 448, 0.012, 2360, NULL, now() - interval '13 days', now() - interval '13 days'),
  ('28d42d84-2ec1-5d1e-8129-b948f0655110', '6d9dd351-ea75-54b4-8b06-1fc9b68895d1', 'completed', '1.0', 'p1', 'anthropic', 'claude-sonnet-5', '{"name":"Advocacia Meridian","city":"Vitória","category":"Advocacia","rating":4.2,"hasSite":false}'::jsonb, '{"version":"1.0","recommendation":"prioritize","score":75,"potential":"high","confidence":"medium","executive_summary":"Advocacia Meridian é advocacia em Vitória com boa reputação pública e ausência de site institucional localizado.","score_breakdown":[{"dimension":"Lacuna de presença digital","points":27,"max_points":30,"explanation":"Site não localizado nas fontes consultadas.","evidence_refs":["source:google_places"]},{"dimension":"Confiança e reputação pública","points":12,"max_points":15,"explanation":"Boa nota e volume consistente de avaliações.","evidence_refs":["field:rating","field:reviews_count"]}],"positives":[{"text":"Reputação pública sólida.","evidence_refs":["field:rating"]}],"risks":[{"text":"Confirmação de WhatsApp ainda não verificada.","evidence_refs":["field:whatsapp_status"]}],"opportunities":[{"text":"Criar presença digital do zero.","evidence_refs":["field:website_url"]}],"sales_arguments":[{"text":"Site institucional premium para atrair clientes locais.","evidence_refs":["source:google_places"]}],"missing_data":["website_url"],"cautions":["Score é recomendação, não decisão."]}'::jsonb, 75, 'high', 'medium', 1285, 451, 0.012, 2370, NULL, now() - interval '12 days', now() - interval '12 days'),
  ('d36ffd72-1099-5afa-88de-554a9d84df6e', '59f65a1c-e9e6-5e28-803e-7f7b543ee742', 'completed', '1.0', 'p1', 'anthropic', 'claude-sonnet-5', '{"name":"Pet Vida Saudável","city":"Vila Velha","category":"Petshop","rating":4.6,"hasSite":false}'::jsonb, '{"version":"1.0","recommendation":"prioritize","score":79,"potential":"high","confidence":"medium","executive_summary":"Pet Vida Saudável é petshop em Vila Velha com boa reputação pública e ausência de site institucional localizado.","score_breakdown":[{"dimension":"Lacuna de presença digital","points":27,"max_points":30,"explanation":"Site não localizado nas fontes consultadas.","evidence_refs":["source:google_places"]},{"dimension":"Confiança e reputação pública","points":12,"max_points":15,"explanation":"Boa nota e volume consistente de avaliações.","evidence_refs":["field:rating","field:reviews_count"]}],"positives":[{"text":"Reputação pública sólida.","evidence_refs":["field:rating"]}],"risks":[{"text":"Confirmação de WhatsApp ainda não verificada.","evidence_refs":["field:whatsapp_status"]}],"opportunities":[{"text":"Criar presença digital do zero.","evidence_refs":["field:website_url"]}],"sales_arguments":[{"text":"Site institucional premium para atrair clientes locais.","evidence_refs":["source:google_places"]}],"missing_data":["website_url"],"cautions":["Score é recomendação, não decisão."]}'::jsonb, 79, 'high', 'medium', 1290, 454, 0.012, 2380, NULL, now() - interval '11 days', now() - interval '11 days'),
  ('ced325f9-5eab-5157-83bd-b0cce940881c', 'cfdc6145-400e-55ea-8b91-8494e87a374f', 'completed', '1.0', 'p1', 'anthropic', 'claude-sonnet-5', '{"name":"Contabilidade Horizonte","city":"Vitória","category":"Contabilidade","rating":4.7,"hasSite":true}'::jsonb, '{"version":"1.0","recommendation":"review","score":52,"potential":"medium","confidence":"medium","executive_summary":"Contabilidade Horizonte é contabilidade em Vitória com boa reputação pública e site existente, porém com oportunidades de melhoria.","score_breakdown":[{"dimension":"Lacuna de presença digital","points":12,"max_points":30,"explanation":"Site encontrado, mas sem otimização evidente.","evidence_refs":["source:google_places"]},{"dimension":"Confiança e reputação pública","points":12,"max_points":15,"explanation":"Boa nota e volume consistente de avaliações.","evidence_refs":["field:rating","field:reviews_count"]}],"positives":[{"text":"Reputação pública sólida.","evidence_refs":["field:rating"]}],"risks":[{"text":"Confirmação de WhatsApp ainda não verificada.","evidence_refs":["field:whatsapp_status"]}],"opportunities":[{"text":"Modernizar o site para captar mais contatos.","evidence_refs":["field:website_url"]}],"sales_arguments":[{"text":"Site institucional premium para atrair clientes locais.","evidence_refs":["source:google_places"]}],"missing_data":[],"cautions":["Score é recomendação, não decisão."]}'::jsonb, 52, 'medium', 'medium', 1295, 457, 0.012, 2390, NULL, now() - interval '10 days', now() - interval '10 days'),
  ('4ac3ce7c-44ea-5af4-864c-1b6ea8861150', 'edb4a2bd-3d05-5907-8777-78063623291f', 'completed', '1.0', 'p1', 'anthropic', 'claude-sonnet-5', '{"name":"Clínica Sorriso Sul","city":"Guarapari","category":"Odontologia","rating":4.8,"hasSite":true}'::jsonb, '{"version":"1.0","recommendation":"review","score":49,"potential":"medium","confidence":"medium","executive_summary":"Clínica Sorriso Sul é odontologia em Guarapari com boa reputação pública e site existente, porém com oportunidades de melhoria.","score_breakdown":[{"dimension":"Lacuna de presença digital","points":12,"max_points":30,"explanation":"Site encontrado, mas sem otimização evidente.","evidence_refs":["source:google_places"]},{"dimension":"Confiança e reputação pública","points":12,"max_points":15,"explanation":"Boa nota e volume consistente de avaliações.","evidence_refs":["field:rating","field:reviews_count"]}],"positives":[{"text":"Reputação pública sólida.","evidence_refs":["field:rating"]}],"risks":[{"text":"Confirmação de WhatsApp ainda não verificada.","evidence_refs":["field:whatsapp_status"]}],"opportunities":[{"text":"Modernizar o site para captar mais contatos.","evidence_refs":["field:website_url"]}],"sales_arguments":[{"text":"Site institucional premium para atrair clientes locais.","evidence_refs":["source:google_places"]}],"missing_data":[],"cautions":["Score é recomendação, não decisão."]}'::jsonb, 49, 'medium', 'medium', 1300, 460, 0.012, 2400, NULL, now() - interval '9 days', now() - interval '9 days'),
  ('e55e1a62-23ea-5106-8c49-6da7430681fe', '6e98c8ff-c4e3-5211-805e-8904fedf43b7', 'completed', '1.0', 'p1', 'anthropic', 'claude-sonnet-5', '{"name":"Academia Movimento","city":"Serra","category":"Academia","rating":4.1,"hasSite":true}'::jsonb, '{"version":"1.0","recommendation":"review","score":46,"potential":"medium","confidence":"medium","executive_summary":"Academia Movimento é academia em Serra com boa reputação pública e site existente, porém com oportunidades de melhoria.","score_breakdown":[{"dimension":"Lacuna de presença digital","points":12,"max_points":30,"explanation":"Site encontrado, mas sem otimização evidente.","evidence_refs":["source:google_places"]},{"dimension":"Confiança e reputação pública","points":12,"max_points":15,"explanation":"Boa nota e volume consistente de avaliações.","evidence_refs":["field:rating","field:reviews_count"]}],"positives":[{"text":"Reputação pública sólida.","evidence_refs":["field:rating"]}],"risks":[{"text":"Confirmação de WhatsApp ainda não verificada.","evidence_refs":["field:whatsapp_status"]}],"opportunities":[{"text":"Modernizar o site para captar mais contatos.","evidence_refs":["field:website_url"]}],"sales_arguments":[{"text":"Site institucional premium para atrair clientes locais.","evidence_refs":["source:google_places"]}],"missing_data":[],"cautions":["Score é recomendação, não decisão."]}'::jsonb, 46, 'medium', 'medium', 1305, 463, 0.012, 2410, NULL, now() - interval '8 days', now() - interval '8 days'),
  ('5b79083f-f46e-54f9-88a3-9ae9eb6c7865', '6445de7b-92de-58ac-88e6-73f339aa9a16', 'completed', '1.0', 'p1', 'anthropic', 'claude-sonnet-5', '{"name":"Bar do Porto","city":"Vitória","category":"Restaurante","rating":3.8,"hasSite":true}'::jsonb, '{"version":"1.0","recommendation":"review","score":45,"potential":"medium","confidence":"medium","executive_summary":"Bar do Porto é restaurante em Vitória com boa reputação pública e site existente, porém com oportunidades de melhoria.","score_breakdown":[{"dimension":"Lacuna de presença digital","points":12,"max_points":30,"explanation":"Site encontrado, mas sem otimização evidente.","evidence_refs":["source:google_places"]},{"dimension":"Confiança e reputação pública","points":12,"max_points":15,"explanation":"Boa nota e volume consistente de avaliações.","evidence_refs":["field:rating","field:reviews_count"]}],"positives":[{"text":"Reputação pública sólida.","evidence_refs":["field:rating"]}],"risks":[{"text":"Confirmação de WhatsApp ainda não verificada.","evidence_refs":["field:whatsapp_status"]}],"opportunities":[{"text":"Modernizar o site para captar mais contatos.","evidence_refs":["field:website_url"]}],"sales_arguments":[{"text":"Site institucional premium para atrair clientes locais.","evidence_refs":["source:google_places"]}],"missing_data":[],"cautions":["Score é recomendação, não decisão."]}'::jsonb, 45, 'medium', 'medium', 1310, 466, 0.012, 2420, NULL, now() - interval '7 days', now() - interval '7 days'),
  ('ec0df33c-f5fa-5ca3-8bce-b7fc27f9a69b', '84d0b482-6f3f-5ea8-8631-dee7453b12a0', 'completed', '1.0', 'p1', 'anthropic', 'claude-sonnet-5', '{"name":"Imobiliária Enseada","city":"Guarapari","category":"Imobiliária","rating":4,"hasSite":false}'::jsonb, '{"version":"1.0","recommendation":"prioritize","score":75,"potential":"high","confidence":"medium","executive_summary":"Imobiliária Enseada é imobiliária em Guarapari com boa reputação pública e ausência de site institucional localizado.","score_breakdown":[{"dimension":"Lacuna de presença digital","points":27,"max_points":30,"explanation":"Site não localizado nas fontes consultadas.","evidence_refs":["source:google_places"]},{"dimension":"Confiança e reputação pública","points":12,"max_points":15,"explanation":"Boa nota e volume consistente de avaliações.","evidence_refs":["field:rating","field:reviews_count"]}],"positives":[{"text":"Reputação pública sólida.","evidence_refs":["field:rating"]}],"risks":[{"text":"Confirmação de WhatsApp ainda não verificada.","evidence_refs":["field:whatsapp_status"]}],"opportunities":[{"text":"Criar presença digital do zero.","evidence_refs":["field:website_url"]}],"sales_arguments":[{"text":"Site institucional premium para atrair clientes locais.","evidence_refs":["source:google_places"]}],"missing_data":["website_url"],"cautions":["Score é recomendação, não decisão."]}'::jsonb, 75, 'high', 'medium', 1315, 469, 0.012, 2430, NULL, now() - interval '6 days', now() - interval '6 days');

insert into company_decisions (id, company_id, profile_id, decision, reason, notes, snoozed_until, previous_status, new_status, created_at) values
  ('e3d31aac-ae71-5222-8355-2b2b516832bc', 'f0cbcab7-e3a7-5766-8960-81f0a0dd16dd', 'cf8de8b7-f0b5-57e2-8e5a-09d864dac367', 'approved', 'Boa oportunidade, avançar.', NULL, NULL, 'pending_review', 'approved', now() - interval '20 days'),
  ('8e1e01c9-a23a-5504-8f21-bc093133b388', '99fae9da-37ed-548c-840c-f35032750bd3', 'cf8de8b7-f0b5-57e2-8e5a-09d864dac367', 'approved', 'Boa oportunidade, avançar.', NULL, NULL, 'pending_review', 'approved', now() - interval '19 days'),
  ('b73ad0e9-f1bf-5c47-8fbc-23f7d3b21bd7', '3bf17ff9-f1fe-5e08-8373-2cfb9c4ebf93', 'cf8de8b7-f0b5-57e2-8e5a-09d864dac367', 'approved', 'Boa oportunidade, avançar.', NULL, NULL, 'pending_review', 'approved', now() - interval '18 days'),
  ('2ed09b68-8311-5a79-8d03-50d765798d7c', '80407af1-6f8a-5957-8d1a-a43c49e41e3d', 'cf8de8b7-f0b5-57e2-8e5a-09d864dac367', 'approved', 'Boa oportunidade, avançar.', NULL, NULL, 'pending_review', 'approved', now() - interval '17 days'),
  ('74a6ea78-b079-559d-8007-032ed0c17e15', '9b7169b4-39c1-54ac-801e-124a0f9767f5', 'cf8de8b7-f0b5-57e2-8e5a-09d864dac367', 'approved', 'Boa oportunidade, avançar.', NULL, NULL, 'pending_review', 'approved', now() - interval '16 days'),
  ('394fd090-0c23-5cd0-832c-7466f49cd6ef', '33e61481-858b-51ab-8185-e12c75a791db', 'cf8de8b7-f0b5-57e2-8e5a-09d864dac367', 'approved', 'Boa oportunidade, avançar.', NULL, NULL, 'pending_review', 'approved', now() - interval '15 days'),
  ('03deb450-2d8c-56df-8e34-a4799a593fd8', '3ce13c70-2380-59c1-8932-c8a75322443e', 'cf8de8b7-f0b5-57e2-8e5a-09d864dac367', 'approved', 'Boa oportunidade, avançar.', NULL, NULL, 'pending_review', 'approved', now() - interval '14 days'),
  ('273aea04-817f-5de3-8271-b36800222285', '6d9dd351-ea75-54b4-8b06-1fc9b68895d1', 'cf8de8b7-f0b5-57e2-8e5a-09d864dac367', 'approved', 'Boa oportunidade, avançar.', NULL, NULL, 'pending_review', 'approved', now() - interval '13 days'),
  ('099e6213-2dbe-5293-8af7-cdf9d144b516', '59f65a1c-e9e6-5e28-803e-7f7b543ee742', 'cf8de8b7-f0b5-57e2-8e5a-09d864dac367', 'approved', 'Boa oportunidade, avançar.', NULL, NULL, 'pending_review', 'approved', now() - interval '12 days'),
  ('4e78a024-4c07-5d46-8edd-e555a15d3f17', 'cfdc6145-400e-55ea-8b91-8494e87a374f', 'cf8de8b7-f0b5-57e2-8e5a-09d864dac367', 'approved', 'Boa oportunidade, avançar.', NULL, NULL, 'pending_review', 'approved', now() - interval '11 days'),
  ('d9f85c99-0461-5c66-82a4-80c53d18f92d', 'edb4a2bd-3d05-5907-8777-78063623291f', 'cf8de8b7-f0b5-57e2-8e5a-09d864dac367', 'approved', 'Boa oportunidade, avançar.', NULL, NULL, 'pending_review', 'approved', now() - interval '20 days'),
  ('7c4e2e14-971f-599d-8b75-ec7fd8fba2b1', '6e98c8ff-c4e3-5211-805e-8904fedf43b7', 'cf8de8b7-f0b5-57e2-8e5a-09d864dac367', 'approved', 'Boa oportunidade, avançar.', NULL, NULL, 'pending_review', 'approved', now() - interval '19 days'),
  ('2c760070-f096-5930-895f-2c945a8ff00c', '6445de7b-92de-58ac-88e6-73f339aa9a16', 'cf8de8b7-f0b5-57e2-8e5a-09d864dac367', 'rejected', 'Fora do perfil de cliente.', NULL, NULL, 'pending_review', 'rejected', now() - interval '18 days'),
  ('b4dc2fdb-4fcb-525c-8a41-c51808560033', '84d0b482-6f3f-5ea8-8631-dee7453b12a0', 'cf8de8b7-f0b5-57e2-8e5a-09d864dac367', 'snoozed', 'Revisitar após temporada.', NULL, now() + interval '14 days', 'pending_review', 'snoozed', now() - interval '17 days');

insert into company_notes (id, company_id, profile_id, content, deleted_at, created_at) values
  ('881ac507-3949-5e8a-843e-13516204aef5', '0e0f0986-928f-50d7-8834-d1910255a423', 'cf8de8b7-f0b5-57e2-8e5a-09d864dac367', 'Responsável demonstrou interesse por telefone.', NULL, now() - interval '10 days'),
  ('627f8527-941a-581f-8164-10fade3bf136', 'bc470b18-55fb-5a1d-8e73-804d4209befe', 'cf8de8b7-f0b5-57e2-8e5a-09d864dac367', 'Responsável demonstrou interesse por telefone.', NULL, now() - interval '9 days'),
  ('0d50d5ca-d49f-5b26-866d-5b523e965743', '3bf17ff9-f1fe-5e08-8373-2cfb9c4ebf93', 'cf8de8b7-f0b5-57e2-8e5a-09d864dac367', 'Responsável demonstrou interesse por telefone.', NULL, now() - interval '8 days'),
  ('ac47c78e-10b1-5bed-8f64-d39c3a505716', '59f65a1c-e9e6-5e28-803e-7f7b543ee742', 'cf8de8b7-f0b5-57e2-8e5a-09d864dac367', 'Responsável demonstrou interesse por telefone.', NULL, now() - interval '7 days');

insert into message_templates (id, name, category, content, allowed_variables, is_default, active, version) values
  ('06e0b2d6-1e44-531d-892e-ccb2661b2444', 'Primeira abordagem — genérica', 'first_contact', 'Olá, tudo bem? Encontrei a {{company_name}} enquanto pesquisava empresas de {{category}} em {{city}}. Trabalho com criação de sites institucionais para negócios locais e identifiquei alguns pontos que podem ajudar a apresentar melhor a empresa. Se fizer sentido, posso te mostrar uma sugestão objetiva, sem compromisso.', ARRAY['company_name','category','city']::text[], true, true, 1),
  ('8dca70b8-c40c-535c-8bf2-154acfa6bce2', 'Primeira abordagem — clínica', 'first_contact', 'Olá! Vi a {{company_name}} em {{city}} e trabalho com sites para clínicas que querem facilitar o agendamento e passar mais confiança. Posso te enviar uma ideia rápida?', ARRAY['company_name','city']::text[], false, true, 1),
  ('dee38199-cecb-5189-8edd-669cdb76eb09', 'Follow-up — retomada', 'follow_up', 'Oi! Passando para saber se você chegou a ver a sugestão que enviei para a {{company_name}}. Fico à disposição.', ARRAY['company_name']::text[], true, true, 1),
  ('9f4b9bac-a888-5db7-81f8-f5c6b0adacd7', 'Última tentativa', 'last_attempt', 'Olá! Vou encerrar meu contato por aqui para não incomodar. Se quiser retomar sobre o site da {{company_name}}, é só me chamar. Abraço!', ARRAY['company_name']::text[], false, true, 1);

insert into messages (id, company_id, template_id, profile_id, type, channel, content, phone_e164, status, opened_at, sent_at, cancelled_at) values
  ('450d7ea0-f32b-5d0f-8f2b-3c9f0f00f9d1', '80407af1-6f8a-5957-8d1a-a43c49e41e3d', '06e0b2d6-1e44-531d-892e-ccb2661b2444', 'cf8de8b7-f0b5-57e2-8e5a-09d864dac367', 'first_contact', 'whatsapp', 'Olá! Encontrei a Odonto Excellence enquanto pesquisava odontologia em Vitória. Trabalho com sites institucionais para negócios locais e teria uma sugestão objetiva, sem compromisso.', '+552799931792', 'confirmed_sent', now() - interval '12 days', now() - interval '12 days', NULL),
  ('b66d37b0-fe96-5a9c-8dd0-10b7730f8c77', '9b7169b4-39c1-54ac-801e-124a0f9767f5', '06e0b2d6-1e44-531d-892e-ccb2661b2444', 'cf8de8b7-f0b5-57e2-8e5a-09d864dac367', 'first_contact', 'whatsapp', 'Olá! Encontrei a Contabilidade Ápice enquanto pesquisava contabilidade em Vila Velha. Trabalho com sites institucionais para negócios locais e teria uma sugestão objetiva, sem compromisso.', '+552799931930', 'confirmed_sent', now() - interval '11 days', now() - interval '11 days', NULL),
  ('328225a6-ebd4-50a8-85bf-ab49f35c1dac', '33e61481-858b-51ab-8185-e12c75a791db', '06e0b2d6-1e44-531d-892e-ccb2661b2444', 'cf8de8b7-f0b5-57e2-8e5a-09d864dac367', 'first_contact', 'whatsapp', 'Olá! Encontrei a Design Coral Studio enquanto pesquisava estúdio de design em Vitória. Trabalho com sites institucionais para negócios locais e teria uma sugestão objetiva, sem compromisso.', '+552799932068', 'confirmed_sent', now() - interval '15 days', now() - interval '15 days', NULL),
  ('8b0529c3-47fa-5f6b-8207-adc89e5eddbc', '3ce13c70-2380-59c1-8932-c8a75322443e', '06e0b2d6-1e44-531d-892e-ccb2661b2444', 'cf8de8b7-f0b5-57e2-8e5a-09d864dac367', 'first_contact', 'whatsapp', 'Olá! Encontrei a Clínica Bem Estar enquanto pesquisava clínica médica em Cariacica. Trabalho com sites institucionais para negócios locais e teria uma sugestão objetiva, sem compromisso.', '+552799932206', 'confirmed_sent', now() - interval '14 days', now() - interval '14 days', NULL),
  ('b45dc3d5-c66e-59a2-862e-881a980c7255', '6d9dd351-ea75-54b4-8b06-1fc9b68895d1', '06e0b2d6-1e44-531d-892e-ccb2661b2444', 'cf8de8b7-f0b5-57e2-8e5a-09d864dac367', 'first_contact', 'whatsapp', 'Olá! Encontrei a Advocacia Meridian enquanto pesquisava advocacia em Vitória. Trabalho com sites institucionais para negócios locais e teria uma sugestão objetiva, sem compromisso.', '+552799932344', 'confirmed_sent', now() - interval '13 days', now() - interval '13 days', NULL),
  ('a43e3a6b-8583-5144-8711-340d590d1308', '59f65a1c-e9e6-5e28-803e-7f7b543ee742', '06e0b2d6-1e44-531d-892e-ccb2661b2444', 'cf8de8b7-f0b5-57e2-8e5a-09d864dac367', 'first_contact', 'whatsapp', 'Olá! Encontrei a Pet Vida Saudável enquanto pesquisava petshop em Vila Velha. Trabalho com sites institucionais para negócios locais e teria uma sugestão objetiva, sem compromisso.', '+552799932482', 'confirmed_sent', now() - interval '12 days', now() - interval '12 days', NULL),
  ('b5ad04b3-df2f-5ab0-8dbe-4fd1d1f27701', 'cfdc6145-400e-55ea-8b91-8494e87a374f', '06e0b2d6-1e44-531d-892e-ccb2661b2444', 'cf8de8b7-f0b5-57e2-8e5a-09d864dac367', 'first_contact', 'whatsapp', 'Olá! Encontrei a Contabilidade Horizonte enquanto pesquisava contabilidade em Vitória. Trabalho com sites institucionais para negócios locais e teria uma sugestão objetiva, sem compromisso.', '+552799932620', 'confirmed_sent', now() - interval '11 days', now() - interval '11 days', NULL),
  ('58c79913-08b2-5dbc-841d-302314ee3c0f', 'edb4a2bd-3d05-5907-8777-78063623291f', '06e0b2d6-1e44-531d-892e-ccb2661b2444', 'cf8de8b7-f0b5-57e2-8e5a-09d864dac367', 'first_contact', 'whatsapp', 'Olá! Encontrei a Clínica Sorriso Sul enquanto pesquisava odontologia em Guarapari. Trabalho com sites institucionais para negócios locais e teria uma sugestão objetiva, sem compromisso.', '+552799932758', 'confirmed_sent', now() - interval '15 days', now() - interval '15 days', NULL),
  ('719fbf2b-d710-5e5f-8508-35522551d1a9', '6e98c8ff-c4e3-5211-805e-8904fedf43b7', '06e0b2d6-1e44-531d-892e-ccb2661b2444', 'cf8de8b7-f0b5-57e2-8e5a-09d864dac367', 'first_contact', 'whatsapp', 'Olá! Encontrei a Academia Movimento enquanto pesquisava academia em Serra. Trabalho com sites institucionais para negócios locais e teria uma sugestão objetiva, sem compromisso.', '+552799932896', 'confirmed_sent', now() - interval '14 days', now() - interval '14 days', NULL);

insert into follow_ups (id, company_id, assigned_to, due_at, type, notes, status, completed_at) values
  ('553d5d0c-67bd-522f-8f64-695c8dda0152', '3ce13c70-2380-59c1-8932-c8a75322443e', 'cf8de8b7-f0b5-57e2-8e5a-09d864dac367', now() + interval '3 hours', 'follow_up', 'Retomar conversa e reforçar proposta.', 'pending', NULL),
  ('5024c94e-d68b-5e80-80df-287a800cb0b8', '6d9dd351-ea75-54b4-8b06-1fc9b68895d1', 'cf8de8b7-f0b5-57e2-8e5a-09d864dac367', now() - interval '1 days', 'follow_up', 'Retomar conversa e reforçar proposta.', 'pending', NULL),
  ('737cf2aa-7dfd-5b0a-8c67-bebc271da907', 'cfdc6145-400e-55ea-8b91-8494e87a374f', 'cf8de8b7-f0b5-57e2-8e5a-09d864dac367', now() - interval '4 days', 'follow_up', 'Fechamento confirmado.', 'completed', now() - interval '4 days'),
  ('6806dd4f-9cd9-5b7f-8632-72acb5642d0a', 'edb4a2bd-3d05-5907-8777-78063623291f', 'cf8de8b7-f0b5-57e2-8e5a-09d864dac367', now() - interval '4 days', 'follow_up', 'Fechamento confirmado.', 'completed', now() - interval '4 days');

insert into pipeline_events (id, company_id, profile_id, from_stage, to_stage, reason, created_at) values
  ('531e3957-1ec7-58a1-8415-826768fbad82', '80407af1-6f8a-5957-8d1a-a43c49e41e3d', 'cf8de8b7-f0b5-57e2-8e5a-09d864dac367', 'new', 'analyzed', NULL, now() - interval '17 days'),
  ('4310e5c5-1e16-50e6-85cf-45f57afbea50', '80407af1-6f8a-5957-8d1a-a43c49e41e3d', 'cf8de8b7-f0b5-57e2-8e5a-09d864dac367', 'analyzed', 'approved', NULL, now() - interval '16 days'),
  ('b4ab0141-aaf6-5f4c-8e10-9fa476c04c6a', '80407af1-6f8a-5957-8d1a-a43c49e41e3d', 'cf8de8b7-f0b5-57e2-8e5a-09d864dac367', 'approved', 'first_contact', NULL, now() - interval '15 days'),
  ('603abd68-e2f4-5f9d-833c-f802ab5bf797', '9b7169b4-39c1-54ac-801e-124a0f9767f5', 'cf8de8b7-f0b5-57e2-8e5a-09d864dac367', 'new', 'analyzed', NULL, now() - interval '16 days'),
  ('85e09994-f025-5c84-8c1c-5a0ba769a5f4', '9b7169b4-39c1-54ac-801e-124a0f9767f5', 'cf8de8b7-f0b5-57e2-8e5a-09d864dac367', 'analyzed', 'approved', NULL, now() - interval '15 days'),
  ('4badad1e-77b8-5e58-8ccb-6cdf6bcd034b', '9b7169b4-39c1-54ac-801e-124a0f9767f5', 'cf8de8b7-f0b5-57e2-8e5a-09d864dac367', 'approved', 'first_contact', NULL, now() - interval '14 days'),
  ('de804ef0-ca99-5dce-8e4a-7f7b1c848668', '33e61481-858b-51ab-8185-e12c75a791db', 'cf8de8b7-f0b5-57e2-8e5a-09d864dac367', 'new', 'analyzed', NULL, now() - interval '15 days'),
  ('0b47fafd-ee12-54b7-8572-cf76f3f22afb', '33e61481-858b-51ab-8185-e12c75a791db', 'cf8de8b7-f0b5-57e2-8e5a-09d864dac367', 'analyzed', 'approved', NULL, now() - interval '14 days'),
  ('1fd57764-09b1-5977-82f7-dc37fbb14452', '33e61481-858b-51ab-8185-e12c75a791db', 'cf8de8b7-f0b5-57e2-8e5a-09d864dac367', 'approved', 'first_contact', NULL, now() - interval '13 days'),
  ('c43c8075-8d38-585b-88e3-3981475c7533', '3ce13c70-2380-59c1-8932-c8a75322443e', 'cf8de8b7-f0b5-57e2-8e5a-09d864dac367', 'new', 'analyzed', NULL, now() - interval '14 days'),
  ('18d1a325-57a0-5389-8add-f78194c2dd27', '3ce13c70-2380-59c1-8932-c8a75322443e', 'cf8de8b7-f0b5-57e2-8e5a-09d864dac367', 'analyzed', 'approved', NULL, now() - interval '13 days'),
  ('cb787740-2151-5b9f-8ca6-8fb935cd4010', '3ce13c70-2380-59c1-8932-c8a75322443e', 'cf8de8b7-f0b5-57e2-8e5a-09d864dac367', 'approved', 'first_contact', NULL, now() - interval '12 days'),
  ('bd204ca9-642a-5965-8f90-3ab091ff2326', '3ce13c70-2380-59c1-8932-c8a75322443e', 'cf8de8b7-f0b5-57e2-8e5a-09d864dac367', 'first_contact', 'follow_up', NULL, now() - interval '11 days'),
  ('6c43fa22-e30a-5a5a-816a-8cb57f628bef', '6d9dd351-ea75-54b4-8b06-1fc9b68895d1', 'cf8de8b7-f0b5-57e2-8e5a-09d864dac367', 'new', 'analyzed', NULL, now() - interval '13 days'),
  ('dfb8fb2f-a2f1-5316-8776-143871515eba', '6d9dd351-ea75-54b4-8b06-1fc9b68895d1', 'cf8de8b7-f0b5-57e2-8e5a-09d864dac367', 'analyzed', 'approved', NULL, now() - interval '12 days'),
  ('b971af51-150f-5c2d-86ce-f6b28f0abed5', '6d9dd351-ea75-54b4-8b06-1fc9b68895d1', 'cf8de8b7-f0b5-57e2-8e5a-09d864dac367', 'approved', 'first_contact', NULL, now() - interval '11 days'),
  ('318f0132-385d-51a7-8b62-9a5a5a236fde', '6d9dd351-ea75-54b4-8b06-1fc9b68895d1', 'cf8de8b7-f0b5-57e2-8e5a-09d864dac367', 'first_contact', 'follow_up', NULL, now() - interval '10 days'),
  ('01d5960f-2f55-51db-82a0-1295ac139f5a', '59f65a1c-e9e6-5e28-803e-7f7b543ee742', 'cf8de8b7-f0b5-57e2-8e5a-09d864dac367', 'new', 'analyzed', NULL, now() - interval '18 days'),
  ('c6f0d76d-29d1-560d-8d4c-0ba6007258e9', '59f65a1c-e9e6-5e28-803e-7f7b543ee742', 'cf8de8b7-f0b5-57e2-8e5a-09d864dac367', 'analyzed', 'approved', NULL, now() - interval '17 days'),
  ('637d64f6-b278-5506-86e7-f7d397491ff0', '59f65a1c-e9e6-5e28-803e-7f7b543ee742', 'cf8de8b7-f0b5-57e2-8e5a-09d864dac367', 'approved', 'first_contact', NULL, now() - interval '16 days'),
  ('226d80c9-3232-505f-8d4a-a907448de0f7', '59f65a1c-e9e6-5e28-803e-7f7b543ee742', 'cf8de8b7-f0b5-57e2-8e5a-09d864dac367', 'first_contact', 'negotiation', NULL, now() - interval '15 days'),
  ('2abb0ddb-762b-541f-81fc-d7df7dd5bec5', 'cfdc6145-400e-55ea-8b91-8494e87a374f', 'cf8de8b7-f0b5-57e2-8e5a-09d864dac367', 'new', 'analyzed', NULL, now() - interval '17 days'),
  ('6b1d1258-7235-55ea-8db7-c42310b23522', 'cfdc6145-400e-55ea-8b91-8494e87a374f', 'cf8de8b7-f0b5-57e2-8e5a-09d864dac367', 'analyzed', 'approved', NULL, now() - interval '16 days'),
  ('9f45a8aa-ca40-5946-87e5-7a3440299d0f', 'cfdc6145-400e-55ea-8b91-8494e87a374f', 'cf8de8b7-f0b5-57e2-8e5a-09d864dac367', 'approved', 'first_contact', NULL, now() - interval '15 days'),
  ('d1d3887a-e206-5358-801e-73a66f1a6ca3', 'cfdc6145-400e-55ea-8b91-8494e87a374f', 'cf8de8b7-f0b5-57e2-8e5a-09d864dac367', 'first_contact', 'negotiation', NULL, now() - interval '14 days'),
  ('4f712f70-5252-5357-8fae-8438279f8471', 'cfdc6145-400e-55ea-8b91-8494e87a374f', 'cf8de8b7-f0b5-57e2-8e5a-09d864dac367', 'negotiation', 'client', NULL, now() - interval '13 days'),
  ('4159c150-c46e-5d2a-80e2-ecaf0380e8e7', 'edb4a2bd-3d05-5907-8777-78063623291f', 'cf8de8b7-f0b5-57e2-8e5a-09d864dac367', 'new', 'analyzed', NULL, now() - interval '16 days'),
  ('150dd7ae-bbde-5dc1-82c3-3b8d9b3340a6', 'edb4a2bd-3d05-5907-8777-78063623291f', 'cf8de8b7-f0b5-57e2-8e5a-09d864dac367', 'analyzed', 'approved', NULL, now() - interval '15 days'),
  ('ebe520a6-5024-5b7a-8001-b6b674f15c7d', 'edb4a2bd-3d05-5907-8777-78063623291f', 'cf8de8b7-f0b5-57e2-8e5a-09d864dac367', 'approved', 'first_contact', NULL, now() - interval '14 days'),
  ('d59ee9d1-ca5f-59fc-8cbd-bf5be9f5d993', 'edb4a2bd-3d05-5907-8777-78063623291f', 'cf8de8b7-f0b5-57e2-8e5a-09d864dac367', 'first_contact', 'negotiation', NULL, now() - interval '13 days'),
  ('619cea5e-0357-5b16-85d0-f2c440dd84c7', 'edb4a2bd-3d05-5907-8777-78063623291f', 'cf8de8b7-f0b5-57e2-8e5a-09d864dac367', 'negotiation', 'client', NULL, now() - interval '12 days'),
  ('b418b357-2229-5b38-8633-3ec927cde7a3', '6e98c8ff-c4e3-5211-805e-8904fedf43b7', 'cf8de8b7-f0b5-57e2-8e5a-09d864dac367', 'new', 'analyzed', NULL, now() - interval '15 days'),
  ('762d2763-e162-57cc-87be-05fa4cfa2b99', '6e98c8ff-c4e3-5211-805e-8904fedf43b7', 'cf8de8b7-f0b5-57e2-8e5a-09d864dac367', 'analyzed', 'approved', NULL, now() - interval '14 days'),
  ('71fb42e4-e0f4-56df-8ecb-b4b2d22ae58b', '6e98c8ff-c4e3-5211-805e-8904fedf43b7', 'cf8de8b7-f0b5-57e2-8e5a-09d864dac367', 'approved', 'first_contact', NULL, now() - interval '13 days'),
  ('834179be-9e97-5be0-87e8-040a9ed3f873', '6e98c8ff-c4e3-5211-805e-8904fedf43b7', 'cf8de8b7-f0b5-57e2-8e5a-09d864dac367', 'first_contact', 'lost', NULL, now() - interval '12 days');

insert into integration_settings (id, provider, status, config, last_checked_at, last_error) values
  ('61693477-a6e4-5038-8e2f-95a619837d32', 'google_places', 'not_configured', '{"note":"Configurar chave via variável de ambiente."}'::jsonb, NULL, NULL),
  ('4478ad98-a0cc-5abe-895e-b2bf30b4a7ec', 'anthropic', 'not_configured', '{"model":"claude-sonnet-5"}'::jsonb, NULL, NULL);

insert into job_queue (id, job_type, entity_id, status, idempotency_key, payload, attempts, max_attempts, run_after, locked_at, last_error) values
  ('ec0412ad-10c2-5bc7-8bf1-64d36465a16d', 'analyze-company', 'bc470b18-55fb-5a1d-8e73-804d4209befe', 'queued', 'analyze-company-6', '{"company_id":"bc470b18-55fb-5a1d-8e73-804d4209befe"}'::jsonb, 0, 3, now(), NULL, NULL),
  ('5fe44fd0-f120-57a1-829f-88ec5dd9d357', 'analyze-company', 'bf5f7b4a-3211-5059-84c6-be974ee221d1', 'failed', 'analyze-company-9', '{"company_id":"bf5f7b4a-3211-5059-84c6-be974ee221d1"}'::jsonb, 3, 3, now() - interval '3 days', NULL, 'Saída inválida após 2 tentativas.');

insert into audit_events (id, actor_id, entity_type, entity_id, action, metadata, created_at) values
  ('06a27e62-826b-5f61-863f-68bfd6c8d111', 'cf8de8b7-f0b5-57e2-8e5a-09d864dac367', 'company', '0e0f0986-928f-50d7-8834-d1910255a423', 'company.created', '{"source":"google_places"}'::jsonb, now() - interval '30 days'),
  ('4b4dfe13-c4ea-5997-8232-dfcc9a176e40', 'cf8de8b7-f0b5-57e2-8e5a-09d864dac367', 'company', '86b5a903-1ee7-5a3b-8e84-e0c66fedf19f', 'company.created', '{"source":"google_places"}'::jsonb, now() - interval '29 days'),
  ('372a2a37-1983-5bfd-8027-7b21a77d45df', 'cf8de8b7-f0b5-57e2-8e5a-09d864dac367', 'company', '73c75011-fc69-532b-8a19-d61bde90a16f', 'company.created', '{"source":"google_places"}'::jsonb, now() - interval '28 days'),
  ('e6a9c62a-df51-5720-8579-9ee839226df3', 'cf8de8b7-f0b5-57e2-8e5a-09d864dac367', 'company', '8107cfd5-339f-5335-8446-d1b3f4c8865d', 'company.created', '{"source":"google_places"}'::jsonb, now() - interval '27 days'),
  ('27e0a0a6-1f3c-5e8b-87b0-84ba34ac17af', 'cf8de8b7-f0b5-57e2-8e5a-09d864dac367', 'company', 'b41c2ba6-8028-5b85-8160-19cf4177c20c', 'company.created', '{"source":"google_places"}'::jsonb, now() - interval '26 days'),
  ('67e37110-e876-5e71-8c28-bd8c0fb7a219', 'cf8de8b7-f0b5-57e2-8e5a-09d864dac367', 'company', '88c58641-a80c-510e-8c1d-7ec41aaf9dd7', 'company.created', '{"source":"google_places"}'::jsonb, now() - interval '25 days'),
  ('564cc464-93ca-52b5-8afd-6d24d9602c8a', 'cf8de8b7-f0b5-57e2-8e5a-09d864dac367', 'company', 'bc470b18-55fb-5a1d-8e73-804d4209befe', 'company.created', '{"source":"google_places"}'::jsonb, now() - interval '24 days'),
  ('050275ce-9132-5b40-8fb5-ee4a46950771', 'cf8de8b7-f0b5-57e2-8e5a-09d864dac367', 'company', 'e0085e1d-2a9e-5baa-8e66-1db21ca4a6ee', 'company.created', '{"source":"google_places"}'::jsonb, now() - interval '23 days'),
  ('3c2447a1-376f-5d09-88ff-2b9921fa8b14', 'cf8de8b7-f0b5-57e2-8e5a-09d864dac367', 'company', '4e9a11af-0f5d-50c2-8796-fffa8fd5dd0b', 'company.created', '{"source":"google_places"}'::jsonb, now() - interval '22 days'),
  ('ba534deb-b964-5623-81f6-87bfc6cef8a3', 'cf8de8b7-f0b5-57e2-8e5a-09d864dac367', 'company', 'bf5f7b4a-3211-5059-84c6-be974ee221d1', 'company.created', '{"source":"google_places"}'::jsonb, now() - interval '21 days'),
  ('99069505-e18a-5aa4-8378-b0b511fe4155', 'cf8de8b7-f0b5-57e2-8e5a-09d864dac367', 'company', 'f0cbcab7-e3a7-5766-8960-81f0a0dd16dd', 'company.created', '{"source":"google_places"}'::jsonb, now() - interval '20 days'),
  ('910df1b2-b852-5ea8-87b1-dbd698eb4905', 'cf8de8b7-f0b5-57e2-8e5a-09d864dac367', 'company', '99fae9da-37ed-548c-840c-f35032750bd3', 'company.created', '{"source":"google_places"}'::jsonb, now() - interval '19 days'),
  ('a59f8a99-0f0b-5609-8b10-22b069d8d10d', 'cf8de8b7-f0b5-57e2-8e5a-09d864dac367', 'company', '3bf17ff9-f1fe-5e08-8373-2cfb9c4ebf93', 'company.created', '{"source":"google_places"}'::jsonb, now() - interval '18 days'),
  ('7c10be88-8bc2-59e4-8c40-a6809103b174', 'cf8de8b7-f0b5-57e2-8e5a-09d864dac367', 'company', '80407af1-6f8a-5957-8d1a-a43c49e41e3d', 'company.created', '{"source":"google_places"}'::jsonb, now() - interval '17 days'),
  ('860ffdfd-c11e-57a2-892e-43fb47599ed8', 'cf8de8b7-f0b5-57e2-8e5a-09d864dac367', 'company', '9b7169b4-39c1-54ac-801e-124a0f9767f5', 'company.created', '{"source":"google_places"}'::jsonb, now() - interval '16 days'),
  ('84a7b26f-0249-5961-81c4-d6abe7a626f7', 'cf8de8b7-f0b5-57e2-8e5a-09d864dac367', 'company', '33e61481-858b-51ab-8185-e12c75a791db', 'company.created', '{"source":"google_places"}'::jsonb, now() - interval '15 days'),
  ('b6840e5d-f2de-5e3c-82df-61b2c43928b7', 'cf8de8b7-f0b5-57e2-8e5a-09d864dac367', 'company', '3ce13c70-2380-59c1-8932-c8a75322443e', 'company.created', '{"source":"google_places"}'::jsonb, now() - interval '14 days'),
  ('757da6ca-7bb6-5810-8b4d-9b07b8cccd12', 'cf8de8b7-f0b5-57e2-8e5a-09d864dac367', 'company', '6d9dd351-ea75-54b4-8b06-1fc9b68895d1', 'company.created', '{"source":"google_places"}'::jsonb, now() - interval '13 days'),
  ('a7c19a47-1c85-5750-860d-e240712173c9', 'cf8de8b7-f0b5-57e2-8e5a-09d864dac367', 'company', '59f65a1c-e9e6-5e28-803e-7f7b543ee742', 'company.created', '{"source":"google_places"}'::jsonb, now() - interval '12 days'),
  ('be0b7a59-5086-560d-8a20-c2d51a4d8dca', 'cf8de8b7-f0b5-57e2-8e5a-09d864dac367', 'company', 'cfdc6145-400e-55ea-8b91-8494e87a374f', 'company.created', '{"source":"google_places"}'::jsonb, now() - interval '11 days'),
  ('a126ea4c-b6ae-58f1-8720-3e1f56c8f46a', 'cf8de8b7-f0b5-57e2-8e5a-09d864dac367', 'company', 'edb4a2bd-3d05-5907-8777-78063623291f', 'company.created', '{"source":"google_places"}'::jsonb, now() - interval '10 days'),
  ('0c331cf4-6055-5a08-8eda-016738dfe50a', 'cf8de8b7-f0b5-57e2-8e5a-09d864dac367', 'company', '6e98c8ff-c4e3-5211-805e-8904fedf43b7', 'company.created', '{"source":"google_places"}'::jsonb, now() - interval '9 days'),
  ('198cea80-a262-5d50-828b-bdcaafb1a812', 'cf8de8b7-f0b5-57e2-8e5a-09d864dac367', 'company', '6445de7b-92de-58ac-88e6-73f339aa9a16', 'company.created', '{"source":"google_places"}'::jsonb, now() - interval '8 days'),
  ('a678851c-bdc5-5bc4-8180-863d87865d10', 'cf8de8b7-f0b5-57e2-8e5a-09d864dac367', 'company', '84d0b482-6f3f-5ea8-8631-dee7453b12a0', 'company.created', '{"source":"google_places"}'::jsonb, now() - interval '7 days');
